CODE,CODE_DESCRIPTION,VOCABULARY,CODELIST_ID,CODELIST_NAME,CODELIST_VERSION,DEFINITION_NAME,DEFINITION_VERSION,DEFINITION_SOURCE,VERSION_DATETIME,UPLOADED_DATETIME
170627008,Airways obstruction reversible,SNOMED,,spirometry_SNOMED,,spirometry_SNOMED,,,,
314979004,Spirometry reversibility test,SNOMED,,spirometry_SNOMED,,spirometry_SNOMED,,,,
314981002,Spirometry reversibility positive,SNOMED,,spirometry_SNOMED,,spirometry_SNOMED,,,,
391118006,Positive reversibility test to salbutamol,SNOMED,,spirometry_SNOMED,,spirometry_SNOMED,,,,
391119003,Positive reversibility test to ipratropium bromide,SNOMED,,spirometry_SNOMED,,spirometry_SNOMED,,,,
391121008,Positive reversibility test to combination of salbutamol and ipratropium bromide,SNOMED,,spirometry_SNOMED,,spirometry_SNOMED,,,,
391122001,Positive reversibility test to corticosteroids,SNOMED,,spirometry_SNOMED,,spirometry_SNOMED,,,,
702540003,Referral for spirometry reversibility test,SNOMED,,spirometry_SNOMED,,spirometry_SNOMED,,,,
767906009,Post bronchodilator spirometry,SNOMED,,spirometry_SNOMED,,spirometry_SNOMED,,,,
774951000000101,Post bronchodilator spirometry (alternative),SNOMED,,spirometry_SNOMED,,spirometry_SNOMED,,,,
882591000000103,Referral for spirometry reversibility testing,SNOMED,,spirometry_SNOMED,,spirometry_SNOMED,,,,
1084021000000100,Number of days below 80% peak expiratory flow rate,SNOMED,,peak_expiratory_flow_rate_SNOMED,,peak_expiratory_flow_rate_SNOMED,,,,
134432000,Recorded/predicted peak expiratory flow rate ratio,SNOMED,,peak_expiratory_flow_rate_SNOMED,,peak_expiratory_flow_rate_SNOMED,,,,
165871000000103,Peak expiratory flow rate measured using EN 13826 device,SNOMED,,peak_expiratory_flow_rate_SNOMED,,peak_expiratory_flow_rate_SNOMED,,,,
18491006,Peak expiratory flow rate,SNOMED,,peak_expiratory_flow_rate_SNOMED,,peak_expiratory_flow_rate_SNOMED,,,,
251936000,Best ever peak expiratory flow rate,SNOMED,,peak_expiratory_flow_rate_SNOMED,,peak_expiratory_flow_rate_SNOMED,,,,
251939007,Single peak expiratory flow rate,SNOMED,,peak_expiratory_flow_rate_SNOMED,,peak_expiratory_flow_rate_SNOMED,,,,
251940009,Serial peak expiratory flow rate,SNOMED,,peak_expiratory_flow_rate_SNOMED,,peak_expiratory_flow_rate_SNOMED,,,,
271507006,Peak expiratory flow rate after bronchodilation,SNOMED,,peak_expiratory_flow_rate_SNOMED,,peak_expiratory_flow_rate_SNOMED,,,,
271529005,Peak expiratory flow rate before bronchodilation,SNOMED,,peak_expiratory_flow_rate_SNOMED,,peak_expiratory_flow_rate_SNOMED,,,,
29893006,Peak expiratory flow measurement,SNOMED,,peak_expiratory_flow_rate_SNOMED,,peak_expiratory_flow_rate_SNOMED,,,,
313232000,Peak expiratory flow rate after bronchodilation (alternative),SNOMED,,peak_expiratory_flow_rate_SNOMED,,peak_expiratory_flow_rate_SNOMED,,,,
313276007,Peak expiratory flow rate before bronchodilation (alternative),SNOMED,,peak_expiratory_flow_rate_SNOMED,,peak_expiratory_flow_rate_SNOMED,,,,
37494006,Increased peak expiratory flow rate,SNOMED,,peak_expiratory_flow_rate_SNOMED,,peak_expiratory_flow_rate_SNOMED,,,,
401004000,Peak expiratory flow rate monitoring,SNOMED,,peak_expiratory_flow_rate_SNOMED,,peak_expiratory_flow_rate_SNOMED,,,,
401011001,Peak expiratory flow rate monitoring using diary,SNOMED,,peak_expiratory_flow_rate_SNOMED,,peak_expiratory_flow_rate_SNOMED,,,,
401014009,Peak expiratory flow rate pre steroids,SNOMED,,peak_expiratory_flow_rate_SNOMED,,peak_expiratory_flow_rate_SNOMED,,,,
401015005,Peak expiratory flow rate post steroids,SNOMED,,peak_expiratory_flow_rate_SNOMED,,peak_expiratory_flow_rate_SNOMED,,,,
401163005,Percentage of best ever peak expiratory flow rate,SNOMED,,peak_expiratory_flow_rate_SNOMED,,peak_expiratory_flow_rate_SNOMED,,,,
401199000,Percentage peak expiratory flow rate variability,SNOMED,,peak_expiratory_flow_rate_SNOMED,,peak_expiratory_flow_rate_SNOMED,,,,
407668008,Serial peak expiratory flow rate abnormal,SNOMED,,peak_expiratory_flow_rate_SNOMED,,peak_expiratory_flow_rate_SNOMED,,,,
414883002,Number of days below 80% peak expiratory flow rate (alternative),SNOMED,,peak_expiratory_flow_rate_SNOMED,,peak_expiratory_flow_rate_SNOMED,,,,
429745009,Diurnal variation of peak expiratory flow rate,SNOMED,,peak_expiratory_flow_rate_SNOMED,,peak_expiratory_flow_rate_SNOMED,,,,
716760001,EU scale assessment for peak expiratory flow rate (adults),SNOMED,,peak_expiratory_flow_rate_SNOMED,,peak_expiratory_flow_rate_SNOMED,,,,
716761002,EU scale assessment for peak expiratory flow rate (children),SNOMED,,peak_expiratory_flow_rate_SNOMED,,peak_expiratory_flow_rate_SNOMED,,,,
7206008,Decreased peak expiratory flow rate,SNOMED,,peak_expiratory_flow_rate_SNOMED,,peak_expiratory_flow_rate_SNOMED,,,,
763131000000100,Peak expiratory flow rate after exercise,SNOMED,,peak_expiratory_flow_rate_SNOMED,,peak_expiratory_flow_rate_SNOMED,,,,
878870000,Peak expiratory flow rate after exercise (alternative),SNOMED,,peak_expiratory_flow_rate_SNOMED,,peak_expiratory_flow_rate_SNOMED,,,,
980161000000106,EU scale peak expiratory flow rate – adult,SNOMED,,peak_expiratory_flow_rate_SNOMED,,peak_expiratory_flow_rate_SNOMED,,,,
980181000000102,EU scale peak expiratory flow rate – children,SNOMED,,peak_expiratory_flow_rate_SNOMED,,peak_expiratory_flow_rate_SNOMED,,,,
503351000000107,Assessment using asthma control test,SNOMED,,asthma_control_test_SNOMED,,asthma_control_test_SNOMED,,,,
443450003,Asthma control test,SNOMED,,asthma_control_test_SNOMED,,asthma_control_test_SNOMED,,,,
443117005,Asthma control test score,SNOMED,,asthma_control_test_SNOMED,,asthma_control_test_SNOMED,,,,
763077003,Asthma control questionnaire score,SNOMED,,asthma_control_test_SNOMED,,asthma_control_test_SNOMED,,,,
1287346002, Control of Allergic Rhinitis and Asthma Test (assessment scale),SNOMED,,asthma_control_test_SNOMED,,asthma_control_test_SNOMED,,,,
905271000000101, Childhood Asthma Control Test (assessment scale),SNOMED,,asthma_control_test_SNOMED,,asthma_control_test_SNOMED,,,,
905301000000103, Childhood Asthma Control Test score,SNOMED,,asthma_control_test_SNOMED,,asthma_control_test_SNOMED,,,,
905291000000102, Assessment using Childhood Asthma Control Test,SNOMED,,asthma_control_test_SNOMED,,asthma_control_test_SNOMED,,,,
3408611000001100,Salbutamol 100micrograms/dose inhaler (A A H Pharmaceuticals Ltd),SNOMED,,salbutamol_inhaler_medication_SNOMED,,salbutamol_inhaler_medication_SNOMED,,,,
3410611000001100,Salbutamol 100micrograms/dose inhaler (Mylan),SNOMED,,salbutamol_inhaler_medication_SNOMED,,salbutamol_inhaler_medication_SNOMED,,,,
3412611000001100,Salbutamol 100micrograms/dose inhaler (Kent Pharmaceuticals Ltd),SNOMED,,salbutamol_inhaler_medication_SNOMED,,salbutamol_inhaler_medication_SNOMED,,,,
3415711000001100,Salbutamol 100micrograms/dose inhaler (Sandoz Ltd),SNOMED,,salbutamol_inhaler_medication_SNOMED,,salbutamol_inhaler_medication_SNOMED,,,,
3417111000001100,Salbutamol 100micrograms/dose inhaler (Alliance Healthcare (Distribution) Ltd),SNOMED,,salbutamol_inhaler_medication_SNOMED,,salbutamol_inhaler_medication_SNOMED,,,,
10432311000001100,Salbutamol 100micrograms/dose inhaler (Arrow Generics Ltd),SNOMED,,salbutamol_inhaler_medication_SNOMED,,salbutamol_inhaler_medication_SNOMED,,,,
7511000001105,Salbutamol 100micrograms/dose inhaler CFC free (Actavis UK Ltd),SNOMED,,salbutamol_inhaler_medication_SNOMED,,salbutamol_inhaler_medication_SNOMED,,,,
45111000001100,Salbutamol 100micrograms/dose inhaler CFC free (Mylan),SNOMED,,salbutamol_inhaler_medication_SNOMED,,salbutamol_inhaler_medication_SNOMED,,,,
757611000001104,Salbutamol 100micrograms/dose inhaler CFC free (Teva UK Ltd),SNOMED,,salbutamol_inhaler_medication_SNOMED,,salbutamol_inhaler_medication_SNOMED,,,,
18041311000001100,Salbutamol 100micrograms/dose inhaler CFC free (Sandoz Ltd),SNOMED,,salbutamol_inhaler_medication_SNOMED,,salbutamol_inhaler_medication_SNOMED,,,,
840111000001107,Salbulin 100micrograms/dose inhaler (3M Health Care Ltd),SNOMED,,salbutamol_inhaler_medication_SNOMED,,salbutamol_inhaler_medication_SNOMED,,,,
3382711000001100,Ventolin 200micrograms/dose Accuhaler (GlaxoSmithKline UK Ltd),SNOMED,,salbutamol_inhaler_medication_SNOMED,,salbutamol_inhaler_medication_SNOMED,,,,
222311000001102,Ventolin 100micrograms/dose Evohaler (GlaxoSmithKline UK Ltd),SNOMED,,salbutamol_inhaler_medication_SNOMED,,salbutamol_inhaler_medication_SNOMED,,,,
3214211000001100,Ventolin 200microgram Rotacaps (GlaxoSmithKline UK Ltd),SNOMED,,salbutamol_inhaler_medication_SNOMED,,salbutamol_inhaler_medication_SNOMED,,,,
3218011000001100,Ventolin 400microgram Rotacaps (GlaxoSmithKline UK Ltd),SNOMED,,salbutamol_inhaler_medication_SNOMED,,salbutamol_inhaler_medication_SNOMED,,,,
106511000001103,Salamol 100micrograms/dose inhaler CFC free (Teva UK Ltd),SNOMED,,salbutamol_inhaler_medication_SNOMED,,salbutamol_inhaler_medication_SNOMED,,,,
3215311000001100,Salamol 100micrograms/dose Easi-Breathe inhaler (Teva UK Ltd),SNOMED,,salbutamol_inhaler_medication_SNOMED,,salbutamol_inhaler_medication_SNOMED,,,,
20434411000001100,Salamol 100micrograms/dose inhaler CFC free (Arrow Generics Ltd),SNOMED,,salbutamol_inhaler_medication_SNOMED,,salbutamol_inhaler_medication_SNOMED,,,,
3186011000001100,Asmasal 95micrograms/dose Clickhaler (Focus Pharmaceuticals Ltd),SNOMED,,salbutamol_inhaler_medication_SNOMED,,salbutamol_inhaler_medication_SNOMED,,,,
3293111000001100,Aerolin 100micrograms/dose Autohaler (3M Health Care Ltd),SNOMED,,salbutamol_inhaler_medication_SNOMED,,salbutamol_inhaler_medication_SNOMED,,,,
3080411000001100,Ventodisks 200microgram with Diskhaler (GlaxoSmithKline UK Ltd),SNOMED,,salbutamol_inhaler_medication_SNOMED,,salbutamol_inhaler_medication_SNOMED,,,,
3086111000001100,Ventodisks 200microgram (GlaxoSmithKline UK Ltd),SNOMED,,salbutamol_inhaler_medication_SNOMED,,salbutamol_inhaler_medication_SNOMED,,,,
3083011000001100,Ventodisks 400microgram with Diskhaler (GlaxoSmithKline UK Ltd),SNOMED,,salbutamol_inhaler_medication_SNOMED,,salbutamol_inhaler_medication_SNOMED,,,,
3089011000001100,Ventodisks 400microgram (GlaxoSmithKline UK Ltd),SNOMED,,salbutamol_inhaler_medication_SNOMED,,salbutamol_inhaler_medication_SNOMED,,,,
597011000001101,Airomir 100micrograms/dose inhaler (Teva UK Ltd),SNOMED,,salbutamol_inhaler_medication_SNOMED,,salbutamol_inhaler_medication_SNOMED,,,,
3214311000001100,Airomir 100micrograms/dose Autohaler (Teva UK Ltd),SNOMED,,salbutamol_inhaler_medication_SNOMED,,salbutamol_inhaler_medication_SNOMED,,,,
3214611000001100,Salbutamol 200 Cyclocaps (Teva UK Ltd),SNOMED,,salbutamol_inhaler_medication_SNOMED,,salbutamol_inhaler_medication_SNOMED,,,,
3217611000001100,Salbutamol 400 Cyclocaps (Teva UK Ltd),SNOMED,,salbutamol_inhaler_medication_SNOMED,,salbutamol_inhaler_medication_SNOMED,,,,
3384111000001100,Pulvinal Salbutamol 200micrograms/dose dry powder inhaler (Chiesi Ltd),SNOMED,,salbutamol_inhaler_medication_SNOMED,,salbutamol_inhaler_medication_SNOMED,,,,
9205211000001100,Easyhaler Salbutamol sulfate 100micrograms/dose dry powder inhaler (Orion Pharma (UK) Ltd),SNOMED,,salbutamol_inhaler_medication_SNOMED,,salbutamol_inhaler_medication_SNOMED,,,,
9204911000001100,Easyhaler Salbutamol sulfate 200micrograms/dose dry powder inhaler (Orion Pharma (UK) Ltd),SNOMED,,salbutamol_inhaler_medication_SNOMED,,salbutamol_inhaler_medication_SNOMED,,,,
13533511000001100,Salbulin Novolizer 100micrograms/dose inhalation powder (Mylan),SNOMED,,salbutamol_inhaler_medication_SNOMED,,salbutamol_inhaler_medication_SNOMED,,,,
13533711000001100,Salbulin Novolizer 100micrograms/dose inhalation powder refill (Mylan),SNOMED,,salbutamol_inhaler_medication_SNOMED,,salbutamol_inhaler_medication_SNOMED,,,,
18148111000001100,Asmavent 100micrograms/dose inhaler CFC free (Kent Pharmaceuticals Ltd),SNOMED,,salbutamol_inhaler_medication_SNOMED,,salbutamol_inhaler_medication_SNOMED,,,,
22503111000001100,AirSalb 100micrograms/dose inhaler CFC free (Sandoz Ltd),SNOMED,,salbutamol_inhaler_medication_SNOMED,,salbutamol_inhaler_medication_SNOMED,,,,
35936511000001100,Salbutamol 100micrograms/dose inhaler,SNOMED,,salbutamol_inhaler_medication_SNOMED,,salbutamol_inhaler_medication_SNOMED,,,,
35936411000001100,Salbutamol 100micrograms/dose breath actuated inhaler,SNOMED,,salbutamol_inhaler_medication_SNOMED,,salbutamol_inhaler_medication_SNOMED,,,,
35937211000001100,Salbutamol 95micrograms/dose dry powder inhaler,SNOMED,,salbutamol_inhaler_medication_SNOMED,,salbutamol_inhaler_medication_SNOMED,,,,
35936711000001100,Salbutamol 200microgram inhalation powder blisters with device,SNOMED,,salbutamol_inhaler_medication_SNOMED,,salbutamol_inhaler_medication_SNOMED,,,,
35936911000001100,Salbutamol 400microgram inhalation powder blisters with device,SNOMED,,salbutamol_inhaler_medication_SNOMED,,salbutamol_inhaler_medication_SNOMED,,,,
35936611000001100,Salbutamol 200microgram inhalation powder blisters,SNOMED,,salbutamol_inhaler_medication_SNOMED,,salbutamol_inhaler_medication_SNOMED,,,,
35936811000001100,Salbutamol 400microgram inhalation powder blisters,SNOMED,,salbutamol_inhaler_medication_SNOMED,,salbutamol_inhaler_medication_SNOMED,,,,
320139002,Salbutamol 100micrograms/dose inhaler CFC free,SNOMED,,salbutamol_inhaler_medication_SNOMED,,salbutamol_inhaler_medication_SNOMED,,,,
320141001,Salbutamol 200micrograms/dose dry powder inhaler,SNOMED,,salbutamol_inhaler_medication_SNOMED,,salbutamol_inhaler_medication_SNOMED,,,,
320178003,Salbutamol 200microgram inhalation powder capsules,SNOMED,,salbutamol_inhaler_medication_SNOMED,,salbutamol_inhaler_medication_SNOMED,,,,
320179006,Salbutamol 400microgram inhalation powder capsules,SNOMED,,salbutamol_inhaler_medication_SNOMED,,salbutamol_inhaler_medication_SNOMED,,,,
320151000,Salbutamol 100micrograms/dose breath actuated inhaler CFC free,SNOMED,,salbutamol_inhaler_medication_SNOMED,,salbutamol_inhaler_medication_SNOMED,,,,
9207411000001100,Salbutamol 100micrograms/dose dry powder inhaler,SNOMED,,salbutamol_inhaler_medication_SNOMED,,salbutamol_inhaler_medication_SNOMED,,,,
13566211000001100,Salbutamol 100micrograms/dose dry powder inhalation cartridge with device,SNOMED,,salbutamol_inhaler_medication_SNOMED,,salbutamol_inhaler_medication_SNOMED,,,,
13566111000001100,Salbutamol 100micrograms/dose dry powder inhalation cartridge,SNOMED,,salbutamol_inhaler_medication_SNOMED,,salbutamol_inhaler_medication_SNOMED,,,,
10472811000001100,Seretide 250 Evohaler (Dowelhurst Ltd) (AMP),SNOMED,,non_salbutamol_inhaler_medication_SNOMED,,non_salbutamol_inhaler_medication_SNOMED,,,,
10473211000001100,Seretide 125 Evohaler (Dowelhurst Ltd) (AMP),SNOMED,,non_salbutamol_inhaler_medication_SNOMED,,non_salbutamol_inhaler_medication_SNOMED,,,,
10512011000001100,Seretide 125 Evohaler (Waymade Healthcare Plc) (AMP),SNOMED,,non_salbutamol_inhaler_medication_SNOMED,,non_salbutamol_inhaler_medication_SNOMED,,,,
10617711000001100,Clenil Modulite 50micrograms/dose inhaler (Chiesi Ltd) (AMP),SNOMED,,non_salbutamol_inhaler_medication_SNOMED,,non_salbutamol_inhaler_medication_SNOMED,,,,
10618211000001100,Clenil Modulite 100micrograms/dose inhaler (Chiesi Ltd) (AMP),SNOMED,,non_salbutamol_inhaler_medication_SNOMED,,non_salbutamol_inhaler_medication_SNOMED,,,,
10619311000001100,Clenil Modulite 200micrograms/dose inhaler (Chiesi Ltd) (AMP),SNOMED,,non_salbutamol_inhaler_medication_SNOMED,,non_salbutamol_inhaler_medication_SNOMED,,,,
10619611000001100,Clenil Modulite 250micrograms/dose inhaler (Chiesi Ltd) (AMP),SNOMED,,non_salbutamol_inhaler_medication_SNOMED,,non_salbutamol_inhaler_medication_SNOMED,,,,
10621011000001100,Beclometasone 200micrograms/dose inhaler CFC free (VMP),SNOMED,,non_salbutamol_inhaler_medication_SNOMED,,non_salbutamol_inhaler_medication_SNOMED,,,,
10621111000001100,Beclometasone 250micrograms/dose inhaler CFC free (VMP),SNOMED,,non_salbutamol_inhaler_medication_SNOMED,,non_salbutamol_inhaler_medication_SNOMED,,,,
10835911000001100,Flixotide 25micrograms/dose inhaler (Waymade Healthcare Plc) (AMP),SNOMED,,non_salbutamol_inhaler_medication_SNOMED,,non_salbutamol_inhaler_medication_SNOMED,,,,
10844511000001100,Becotide 200 inhaler (Waymade Healthcare Plc) (AMP),SNOMED,,non_salbutamol_inhaler_medication_SNOMED,,non_salbutamol_inhaler_medication_SNOMED,,,,
10855011000001100,Flixotide 50micrograms/dose Evohaler (Waymade Healthcare Plc) (AMP),SNOMED,,non_salbutamol_inhaler_medication_SNOMED,,non_salbutamol_inhaler_medication_SNOMED,,,,
11400011000001100,Beclometasone 50micrograms/dose inhaler (Almus Pharmaceuticals Ltd) (AMP),SNOMED,,non_salbutamol_inhaler_medication_SNOMED,,non_salbutamol_inhaler_medication_SNOMED,,,,
11400511000001100,Beclometasone 100micrograms/dose inhaler (Almus Pharmaceuticals Ltd) (AMP),SNOMED,,non_salbutamol_inhaler_medication_SNOMED,,non_salbutamol_inhaler_medication_SNOMED,,,,
11400811000001100,Beclometasone 250micrograms/dose inhaler (Almus Pharmaceuticals Ltd) (AMP),SNOMED,,non_salbutamol_inhaler_medication_SNOMED,,non_salbutamol_inhaler_medication_SNOMED,,,,
12906411000001100,Fostair 100micrograms/dose / 6micrograms/dose inhaler (Chiesi Ltd) (AMP),SNOMED,,non_salbutamol_inhaler_medication_SNOMED,,non_salbutamol_inhaler_medication_SNOMED,,,,
12911011000001100,Beclometasone 100micrograms/dose / Formoterol 6micrograms/dose inhaler CFC free (VMP),SNOMED,,non_salbutamol_inhaler_medication_SNOMED,,non_salbutamol_inhaler_medication_SNOMED,,,,
13180411000001100,Beclazone 100 Easi-Breathe inhaler (Dowelhurst Ltd) (AMP),SNOMED,,non_salbutamol_inhaler_medication_SNOMED,,non_salbutamol_inhaler_medication_SNOMED,,,,
13180811000001100,Beclazone 250 Easi-Breathe inhaler (Dowelhurst Ltd) (AMP),SNOMED,,non_salbutamol_inhaler_medication_SNOMED,,non_salbutamol_inhaler_medication_SNOMED,,,,
13181011000001100,Beclazone 50 Easi-Breathe inhaler (Dowelhurst Ltd) (AMP),SNOMED,,non_salbutamol_inhaler_medication_SNOMED,,non_salbutamol_inhaler_medication_SNOMED,,,,
13777011000001100,Intal 5mg/dose inhaler CFC free (Sanofi) (AMP),SNOMED,,non_salbutamol_inhaler_medication_SNOMED,,non_salbutamol_inhaler_medication_SNOMED,,,,
13801911000001100,Sodium cromoglicate 5mg/dose inhaler CFC free (VMP),SNOMED,,non_salbutamol_inhaler_medication_SNOMED,,non_salbutamol_inhaler_medication_SNOMED,,,,
13877511000001100,Flixotide 125micrograms/dose Evohaler (DE Pharmaceuticals) (AMP),SNOMED,,non_salbutamol_inhaler_medication_SNOMED,,non_salbutamol_inhaler_medication_SNOMED,,,,
13877711000001100,Flixotide 250micrograms/dose Evohaler (DE Pharmaceuticals) (AMP),SNOMED,,non_salbutamol_inhaler_medication_SNOMED,,non_salbutamol_inhaler_medication_SNOMED,,,,
13954711000001100,Qvar 100 inhaler (DE Pharmaceuticals) (AMP),SNOMED,,non_salbutamol_inhaler_medication_SNOMED,,non_salbutamol_inhaler_medication_SNOMED,,,,
13998111000001100,Seretide 125 Evohaler (DE Pharmaceuticals) (AMP),SNOMED,,non_salbutamol_inhaler_medication_SNOMED,,non_salbutamol_inhaler_medication_SNOMED,,,,
13998411000001100,Seretide 250 Evohaler (DE Pharmaceuticals) (AMP),SNOMED,,non_salbutamol_inhaler_medication_SNOMED,,non_salbutamol_inhaler_medication_SNOMED,,,,
14206211000001100,Atrovent 20micrograms/dose inhaler CFC free (Sigma Pharmaceuticals Plc) (AMP),SNOMED,,non_salbutamol_inhaler_medication_SNOMED,,non_salbutamol_inhaler_medication_SNOMED,,,,
14234511000001100,Flixotide 125micrograms/dose Evohaler (Sigma Pharmaceuticals Plc) (AMP),SNOMED,,non_salbutamol_inhaler_medication_SNOMED,,non_salbutamol_inhaler_medication_SNOMED,,,,
14234711000001100,Flixotide 250micrograms/dose Evohaler (Sigma Pharmaceuticals Plc) (AMP),SNOMED,,non_salbutamol_inhaler_medication_SNOMED,,non_salbutamol_inhaler_medication_SNOMED,,,,
14238811000001100,Fluticasone 250micrograms/dose Evohaler (Sigma Pharmaceuticals Plc) (AMP),SNOMED,,non_salbutamol_inhaler_medication_SNOMED,,non_salbutamol_inhaler_medication_SNOMED,,,,
14616311000001100,Qvar 100 Autohaler (Sigma Pharmaceuticals Plc) (AMP),SNOMED,,non_salbutamol_inhaler_medication_SNOMED,,non_salbutamol_inhaler_medication_SNOMED,,,,
14616611000001100,Qvar 100 inhaler (Sigma Pharmaceuticals Plc) (AMP),SNOMED,,non_salbutamol_inhaler_medication_SNOMED,,non_salbutamol_inhaler_medication_SNOMED,,,,
14705411000001100,Seretide 125 Evohaler (Sigma Pharmaceuticals Plc) (AMP),SNOMED,,non_salbutamol_inhaler_medication_SNOMED,,non_salbutamol_inhaler_medication_SNOMED,,,,
14705811000001100,Seretide 250 Evohaler (Sigma Pharmaceuticals Plc) (AMP),SNOMED,,non_salbutamol_inhaler_medication_SNOMED,,non_salbutamol_inhaler_medication_SNOMED,,,,
14755711000001100,Qvar 100 Autohaler (Waymade Healthcare Plc) (AMP),SNOMED,,non_salbutamol_inhaler_medication_SNOMED,,non_salbutamol_inhaler_medication_SNOMED,,,,
15052211000001100,Beclometasone 200micrograms/dose inhaler (Sigma Pharmaceuticals Plc) (AMP),SNOMED,,non_salbutamol_inhaler_medication_SNOMED,,non_salbutamol_inhaler_medication_SNOMED,,,,
15418911000001100,Qvar 100micrograms/dose Easi-Breathe inhaler (Waymade Healthcare Plc) (AMP),SNOMED,,non_salbutamol_inhaler_medication_SNOMED,,non_salbutamol_inhaler_medication_SNOMED,,,,
15884311000001100,Qvar 100 inhaler (Waymade Healthcare Plc) (AMP),SNOMED,,non_salbutamol_inhaler_medication_SNOMED,,non_salbutamol_inhaler_medication_SNOMED,,,,
16180011000001100,Flixotide 125micrograms/dose Evohaler (Lexon (UK) Ltd) (AMP),SNOMED,,non_salbutamol_inhaler_medication_SNOMED,,non_salbutamol_inhaler_medication_SNOMED,,,,
16180211000001100,Flixotide 250micrograms/dose Evohaler (Lexon (UK) Ltd) (AMP),SNOMED,,non_salbutamol_inhaler_medication_SNOMED,,non_salbutamol_inhaler_medication_SNOMED,,,,
16232011000001100,Qvar 100 Autohaler (Lexon (UK) Ltd) (AMP),SNOMED,,non_salbutamol_inhaler_medication_SNOMED,,non_salbutamol_inhaler_medication_SNOMED,,,,
16241311000001100,Seretide 125 Evohaler (Lexon (UK) Ltd) (AMP),SNOMED,,non_salbutamol_inhaler_medication_SNOMED,,non_salbutamol_inhaler_medication_SNOMED,,,,
16241511000001100,Seretide 250 Evohaler (Lexon (UK) Ltd) (AMP),SNOMED,,non_salbutamol_inhaler_medication_SNOMED,,non_salbutamol_inhaler_medication_SNOMED,,,,
16545311000001100,Flixotide 125micrograms/dose Evohaler (Stephar (U.K.) Ltd) (AMP),SNOMED,,non_salbutamol_inhaler_medication_SNOMED,,non_salbutamol_inhaler_medication_SNOMED,,,,
16545511000001100,Flixotide 250micrograms/dose Evohaler (Stephar (U.K.) Ltd) (AMP),SNOMED,,non_salbutamol_inhaler_medication_SNOMED,,non_salbutamol_inhaler_medication_SNOMED,,,,
16579811000001100,Flixotide 125micrograms/dose Evohaler (Mawdsley-Brooks & Company Ltd) (AMP),SNOMED,,non_salbutamol_inhaler_medication_SNOMED,,non_salbutamol_inhaler_medication_SNOMED,,,,
16580011000001100,Flixotide 250micrograms/dose Evohaler (Mawdsley-Brooks & Company Ltd) (AMP),SNOMED,,non_salbutamol_inhaler_medication_SNOMED,,non_salbutamol_inhaler_medication_SNOMED,,,,
16581211000001100,Fluticasone 250micrograms/dose Evohaler (Mawdsley-Brooks & Company Ltd) (AMP),SNOMED,,non_salbutamol_inhaler_medication_SNOMED,,non_salbutamol_inhaler_medication_SNOMED,,,,
16588111000001100,Seretide 250 Evohaler (Stephar (U.K.) Ltd) (AMP),SNOMED,,non_salbutamol_inhaler_medication_SNOMED,,non_salbutamol_inhaler_medication_SNOMED,,,,
16728511000001100,Seretide 50 Evohaler (Waymade Healthcare Plc) (AMP),SNOMED,,non_salbutamol_inhaler_medication_SNOMED,,non_salbutamol_inhaler_medication_SNOMED,,,,
17426811000001100,Qvar 50 inhaler (Mawdsley-Brooks & Company Ltd) (AMP),SNOMED,,non_salbutamol_inhaler_medication_SNOMED,,non_salbutamol_inhaler_medication_SNOMED,,,,
17427011000001100,Qvar 100 inhaler (Mawdsley-Brooks & Company Ltd) (AMP),SNOMED,,non_salbutamol_inhaler_medication_SNOMED,,non_salbutamol_inhaler_medication_SNOMED,,,,
17427211000001100,Qvar 100 Autohaler (Mawdsley-Brooks & Company Ltd) (AMP),SNOMED,,non_salbutamol_inhaler_medication_SNOMED,,non_salbutamol_inhaler_medication_SNOMED,,,,
17440711000001100,Seretide 125 Evohaler (Mawdsley-Brooks & Company Ltd) (AMP),SNOMED,,non_salbutamol_inhaler_medication_SNOMED,,non_salbutamol_inhaler_medication_SNOMED,,,,
17440911000001100,Seretide 250 Evohaler (Mawdsley-Brooks & Company Ltd) (AMP),SNOMED,,non_salbutamol_inhaler_medication_SNOMED,,non_salbutamol_inhaler_medication_SNOMED,,,,
17490511000001100,Alvesco 160 inhaler (Mawdsley-Brooks & Company Ltd) (AMP),SNOMED,,non_salbutamol_inhaler_medication_SNOMED,,non_salbutamol_inhaler_medication_SNOMED,,,,
17505711000001100,Flixotide 50micrograms/dose Evohaler (Mawdsley-Brooks & Company Ltd) (AMP),SNOMED,,non_salbutamol_inhaler_medication_SNOMED,,non_salbutamol_inhaler_medication_SNOMED,,,,
17793411000001100,Beclometasone 50micrograms/dose inhaler (Phoenix Healthcare Distribution Ltd) (AMP),SNOMED,,non_salbutamol_inhaler_medication_SNOMED,,non_salbutamol_inhaler_medication_SNOMED,,,,
17794111000001100,Beclometasone 100micrograms/dose inhaler (Phoenix Healthcare Distribution Ltd) (AMP),SNOMED,,non_salbutamol_inhaler_medication_SNOMED,,non_salbutamol_inhaler_medication_SNOMED,,,,
17833911000001100,Beclometasone 250micrograms/dose inhaler (Phoenix Healthcare Distribution Ltd) (AMP),SNOMED,,non_salbutamol_inhaler_medication_SNOMED,,non_salbutamol_inhaler_medication_SNOMED,,,,
18050311000001100,Alvesco 160 inhaler (Lexon (UK) Ltd) (AMP),SNOMED,,non_salbutamol_inhaler_medication_SNOMED,,non_salbutamol_inhaler_medication_SNOMED,,,,
18058211000001100,Flixotide 50micrograms/dose Evohaler (Lexon (UK) Ltd) (AMP),SNOMED,,non_salbutamol_inhaler_medication_SNOMED,,non_salbutamol_inhaler_medication_SNOMED,,,,
18058811000001100,Qvar 100micrograms/dose Easi-Breathe inhaler (Sigma Pharmaceuticals Plc) (AMP),SNOMED,,non_salbutamol_inhaler_medication_SNOMED,,non_salbutamol_inhaler_medication_SNOMED,,,,
18059011000001100,Qvar 50micrograms/dose Easi-Breathe inhaler (Sigma Pharmaceuticals Plc) (AMP),SNOMED,,non_salbutamol_inhaler_medication_SNOMED,,non_salbutamol_inhaler_medication_SNOMED,,,,
18071311000001100,Atrovent 20micrograms/dose inhaler CFC free (Lexon (UK) Ltd) (AMP),SNOMED,,non_salbutamol_inhaler_medication_SNOMED,,non_salbutamol_inhaler_medication_SNOMED,,,,
18185611000001100,Seretide 125 Evohaler (Necessity Supplies Ltd) (AMP),SNOMED,,non_salbutamol_inhaler_medication_SNOMED,,non_salbutamol_inhaler_medication_SNOMED,,,,
18185811000001100,Seretide 250 Evohaler (Necessity Supplies Ltd) (AMP),SNOMED,,non_salbutamol_inhaler_medication_SNOMED,,non_salbutamol_inhaler_medication_SNOMED,,,,
18262211000001100,Flixotide 125micrograms/dose Evohaler (Necessity Supplies Ltd) (AMP),SNOMED,,non_salbutamol_inhaler_medication_SNOMED,,non_salbutamol_inhaler_medication_SNOMED,,,,
18262411000001100,Flixotide 250micrograms/dose Evohaler (Necessity Supplies Ltd) (AMP),SNOMED,,non_salbutamol_inhaler_medication_SNOMED,,non_salbutamol_inhaler_medication_SNOMED,,,,
18295511000001100,Qvar 100 Autohaler (Stephar (U.K.) Ltd) (AMP),SNOMED,,non_salbutamol_inhaler_medication_SNOMED,,non_salbutamol_inhaler_medication_SNOMED,,,,
18579211000001100,Flixotide 50micrograms/dose Evohaler (DE Pharmaceuticals) (AMP),SNOMED,,non_salbutamol_inhaler_medication_SNOMED,,non_salbutamol_inhaler_medication_SNOMED,,,,
18608111000001100,Qvar 100 Autohaler (DE Pharmaceuticals) (AMP),SNOMED,,non_salbutamol_inhaler_medication_SNOMED,,non_salbutamol_inhaler_medication_SNOMED,,,,
18608311000001100,Qvar 50 Autohaler (DE Pharmaceuticals) (AMP),SNOMED,,non_salbutamol_inhaler_medication_SNOMED,,non_salbutamol_inhaler_medication_SNOMED,,,,
18608511000001100,Qvar 100micrograms/dose Easi-Breathe inhaler (DE Pharmaceuticals) (AMP),SNOMED,,non_salbutamol_inhaler_medication_SNOMED,,non_salbutamol_inhaler_medication_SNOMED,,,,
18608711000001100,Qvar 50micrograms/dose Easi-Breathe inhaler (DE Pharmaceuticals) (AMP),SNOMED,,non_salbutamol_inhaler_medication_SNOMED,,non_salbutamol_inhaler_medication_SNOMED,,,,
18608911000001100,Qvar 50 inhaler (DE Pharmaceuticals) (AMP),SNOMED,,non_salbutamol_inhaler_medication_SNOMED,,non_salbutamol_inhaler_medication_SNOMED,,,,
19726711000001100,Alvesco 80 inhaler (Mawdsley-Brooks & Company Ltd) (AMP),SNOMED,,non_salbutamol_inhaler_medication_SNOMED,,non_salbutamol_inhaler_medication_SNOMED,,,,
19737111000001100,Clenil Modulite 50micrograms/dose inhaler (Mawdsley-Brooks & Company Ltd) (AMP),SNOMED,,non_salbutamol_inhaler_medication_SNOMED,,non_salbutamol_inhaler_medication_SNOMED,,,,
19737311000001100,Clenil Modulite 100micrograms/dose inhaler (Mawdsley-Brooks & Company Ltd) (AMP),SNOMED,,non_salbutamol_inhaler_medication_SNOMED,,non_salbutamol_inhaler_medication_SNOMED,,,,
19737511000001100,Clenil Modulite 200micrograms/dose inhaler (Mawdsley-Brooks & Company Ltd) (AMP),SNOMED,,non_salbutamol_inhaler_medication_SNOMED,,non_salbutamol_inhaler_medication_SNOMED,,,,
19737811000001100,Clenil Modulite 250micrograms/dose inhaler (Mawdsley-Brooks & Company Ltd) (AMP),SNOMED,,non_salbutamol_inhaler_medication_SNOMED,,non_salbutamol_inhaler_medication_SNOMED,,,,
20164811000001100,Atrovent 20micrograms/dose inhaler CFC free (DE Pharmaceuticals) (AMP),SNOMED,,non_salbutamol_inhaler_medication_SNOMED,,non_salbutamol_inhaler_medication_SNOMED,,,,
21019411000001100,Flutiform 125micrograms/dose / 5micrograms/dose inhaler (Napp Pharmaceuticals Ltd) (AMP),SNOMED,,non_salbutamol_inhaler_medication_SNOMED,,non_salbutamol_inhaler_medication_SNOMED,,,,
21019711000001100,Flutiform 250micrograms/dose / 10micrograms/dose inhaler (Napp Pharmaceuticals Ltd) (AMP),SNOMED,,non_salbutamol_inhaler_medication_SNOMED,,non_salbutamol_inhaler_medication_SNOMED,,,,
21020611000001100,Flutiform 50micrograms/dose / 5micrograms/dose inhaler (Napp Pharmaceuticals Ltd) (AMP),SNOMED,,non_salbutamol_inhaler_medication_SNOMED,,non_salbutamol_inhaler_medication_SNOMED,,,,
21113711000001100,Fluticasone 125micrograms/dose / Formoterol 5micrograms/dose inhaler CFC free (VMP),SNOMED,,non_salbutamol_inhaler_medication_SNOMED,,non_salbutamol_inhaler_medication_SNOMED,,,,
21113811000001100,Fluticasone 250micrograms/dose / Formoterol 10micrograms/dose inhaler CFC free (VMP),SNOMED,,non_salbutamol_inhaler_medication_SNOMED,,non_salbutamol_inhaler_medication_SNOMED,,,,
21113911000001100,Fluticasone 50micrograms/dose / Formoterol 5micrograms/dose inhaler CFC free (VMP),SNOMED,,non_salbutamol_inhaler_medication_SNOMED,,non_salbutamol_inhaler_medication_SNOMED,,,,
21690711000001100,Alvesco 160 inhaler (Waymade Healthcare Plc) (AMP),SNOMED,,non_salbutamol_inhaler_medication_SNOMED,,non_salbutamol_inhaler_medication_SNOMED,,,,
23438611000001100,Alvesco 80 inhaler (Waymade Healthcare Plc) (AMP),SNOMED,,non_salbutamol_inhaler_medication_SNOMED,,non_salbutamol_inhaler_medication_SNOMED,,,,
24011000001103,Atrovent 20micrograms/dose inhaler (Boehringer Ingelheim Ltd) (AMP),SNOMED,,non_salbutamol_inhaler_medication_SNOMED,,non_salbutamol_inhaler_medication_SNOMED,,,,
24591711000001100,Clenil Modulite 200micrograms/dose inhaler (Waymade Healthcare Plc) (AMP),SNOMED,,non_salbutamol_inhaler_medication_SNOMED,,non_salbutamol_inhaler_medication_SNOMED,,,,
24591911000001100,Clenil Modulite 250micrograms/dose inhaler (Waymade Healthcare Plc) (AMP),SNOMED,,non_salbutamol_inhaler_medication_SNOMED,,non_salbutamol_inhaler_medication_SNOMED,,,,
24660811000001100,Beclometasone 100micrograms/dose inhaler CFC free (Ennogen Healthcare Ltd) (AMP),SNOMED,,non_salbutamol_inhaler_medication_SNOMED,,non_salbutamol_inhaler_medication_SNOMED,,,,
27872911000001100,Ipratropium bromide 20micrograms/dose inhaler CFC free (A A H Pharmaceuticals Ltd) (AMP),SNOMED,,non_salbutamol_inhaler_medication_SNOMED,,non_salbutamol_inhaler_medication_SNOMED,,,,
27991211000001100,Qvar 50micrograms/dose Easi-Breathe inhaler (Waymade Healthcare Plc) (AMP),SNOMED,,non_salbutamol_inhaler_medication_SNOMED,,non_salbutamol_inhaler_medication_SNOMED,,,,
2831211000001100,Flixotide 250micrograms/dose Evohaler (GlaxoSmithKline UK Ltd) (AMP),SNOMED,,non_salbutamol_inhaler_medication_SNOMED,,non_salbutamol_inhaler_medication_SNOMED,,,,
28410811000001100,Berodual N inhaler (Imported (Germany)) (AMP),SNOMED,,non_salbutamol_inhaler_medication_SNOMED,,non_salbutamol_inhaler_medication_SNOMED,,,,
28422511000001100,Fenoterol 50micrograms/dose / Ipratropium bromide 20micrograms/dose inhaler CFC free (VMP),SNOMED,,non_salbutamol_inhaler_medication_SNOMED,,non_salbutamol_inhaler_medication_SNOMED,,,,
2923111000001100,Duovent inhaler (Boehringer Ingelheim Ltd) (AMP),SNOMED,,non_salbutamol_inhaler_medication_SNOMED,,non_salbutamol_inhaler_medication_SNOMED,,,,
29525711000001100,Beclometasone 50micrograms/dose inhaler CFC free (Colorama Pharmaceuticals Ltd) (AMP),SNOMED,,non_salbutamol_inhaler_medication_SNOMED,,non_salbutamol_inhaler_medication_SNOMED,,,,
29526111000001100,Beclometasone 100micrograms/dose inhaler CFC free (Colorama Pharmaceuticals Ltd) (AMP),SNOMED,,non_salbutamol_inhaler_medication_SNOMED,,non_salbutamol_inhaler_medication_SNOMED,,,,
29526411000001100,Beclometasone 200micrograms/dose inhaler CFC free (Colorama Pharmaceuticals Ltd) (AMP),SNOMED,,non_salbutamol_inhaler_medication_SNOMED,,non_salbutamol_inhaler_medication_SNOMED,,,,
2964011000001100,Duovent Autohaler (Boehringer Ingelheim Ltd) (AMP),SNOMED,,non_salbutamol_inhaler_medication_SNOMED,,non_salbutamol_inhaler_medication_SNOMED,,,,
29749211000001100,Flutiform 125micrograms/dose / 5micrograms/dose inhaler (Waymade Healthcare Plc) (AMP),SNOMED,,non_salbutamol_inhaler_medication_SNOMED,,non_salbutamol_inhaler_medication_SNOMED,,,,
29749411000001100,Flutiform 50micrograms/dose / 5micrograms/dose inhaler (Waymade Healthcare Plc) (AMP),SNOMED,,non_salbutamol_inhaler_medication_SNOMED,,non_salbutamol_inhaler_medication_SNOMED,,,,
29749611000001100,Flutiform 250micrograms/dose / 10micrograms/dose inhaler (Waymade Healthcare Plc) (AMP),SNOMED,,non_salbutamol_inhaler_medication_SNOMED,,non_salbutamol_inhaler_medication_SNOMED,,,,
29782111000001100,Sirdupla 25micrograms/dose / 125micrograms/dose inhaler (Viatris UK Healthcare Ltd) (AMP),SNOMED,,non_salbutamol_inhaler_medication_SNOMED,,non_salbutamol_inhaler_medication_SNOMED,,,,
29782511000001100,Sirdupla 25micrograms/dose / 250micrograms/dose inhaler (Viatris UK Healthcare Ltd) (AMP),SNOMED,,non_salbutamol_inhaler_medication_SNOMED,,non_salbutamol_inhaler_medication_SNOMED,,,,
29959011000001100,Alvesco 80 inhaler (Lexon (UK) Ltd) (AMP),SNOMED,,non_salbutamol_inhaler_medication_SNOMED,,non_salbutamol_inhaler_medication_SNOMED,,,,
30041511000001100,Atimos Modulite 12micrograms/dose inhaler (Waymade Healthcare Plc) (AMP),SNOMED,,non_salbutamol_inhaler_medication_SNOMED,,non_salbutamol_inhaler_medication_SNOMED,,,,
30253911000001100,Sirdupla 25micrograms/dose / 250micrograms/dose inhaler (Waymade Healthcare Plc) (AMP),SNOMED,,non_salbutamol_inhaler_medication_SNOMED,,non_salbutamol_inhaler_medication_SNOMED,,,,
30950511000001100,Beclometasone 100micrograms/dose inhaler CFC free (DE Pharmaceuticals) (AMP),SNOMED,,non_salbutamol_inhaler_medication_SNOMED,,non_salbutamol_inhaler_medication_SNOMED,,,,
30950711000001100,Beclometasone 200micrograms/dose inhaler CFC free (DE Pharmaceuticals) (AMP),SNOMED,,non_salbutamol_inhaler_medication_SNOMED,,non_salbutamol_inhaler_medication_SNOMED,,,,
30950911000001100,Beclometasone 50micrograms/dose inhaler CFC free (DE Pharmaceuticals) (AMP),SNOMED,,non_salbutamol_inhaler_medication_SNOMED,,non_salbutamol_inhaler_medication_SNOMED,,,,
31063411000001100,Fostair 200micrograms/dose / 6micrograms/dose inhaler (Chiesi Ltd) (AMP),SNOMED,,non_salbutamol_inhaler_medication_SNOMED,,non_salbutamol_inhaler_medication_SNOMED,,,,
31064411000001100,Fluticasone 125micrograms/dose / Salmeterol 25micrograms/dose inhaler CFC free (A A H Pharmaceuticals Ltd) (AMP),SNOMED,,non_salbutamol_inhaler_medication_SNOMED,,non_salbutamol_inhaler_medication_SNOMED,,,,
31064611000001100,Fluticasone 250micrograms/dose / Salmeterol 25micrograms/dose inhaler CFC free (A A H Pharmaceuticals Ltd) (AMP),SNOMED,,non_salbutamol_inhaler_medication_SNOMED,,non_salbutamol_inhaler_medication_SNOMED,,,,
31087411000001100,Beclometasone 200micrograms/dose / Formoterol 6micrograms/dose inhaler CFC free (VMP),SNOMED,,non_salbutamol_inhaler_medication_SNOMED,,non_salbutamol_inhaler_medication_SNOMED,,,,
31352911000001100,Beclometasone 100micrograms/dose inhaler CFC free (J M McGill Ltd) (AMP),SNOMED,,non_salbutamol_inhaler_medication_SNOMED,,non_salbutamol_inhaler_medication_SNOMED,,,,
31353111000001100,Beclometasone 200micrograms/dose inhaler CFC free (J M McGill Ltd) (AMP),SNOMED,,non_salbutamol_inhaler_medication_SNOMED,,non_salbutamol_inhaler_medication_SNOMED,,,,
31353311000001100,Beclometasone 50micrograms/dose inhaler CFC free (J M McGill Ltd) (AMP),SNOMED,,non_salbutamol_inhaler_medication_SNOMED,,non_salbutamol_inhaler_medication_SNOMED,,,,
3175211000001100,Filair 50 inhaler (Meda Pharmaceuticals Ltd) (AMP),SNOMED,,non_salbutamol_inhaler_medication_SNOMED,,non_salbutamol_inhaler_medication_SNOMED,,,,
3175611000001100,Qvar 100 inhaler (Teva UK Ltd) (AMP),SNOMED,,non_salbutamol_inhaler_medication_SNOMED,,non_salbutamol_inhaler_medication_SNOMED,,,,
3175711000001100,Beclometasone 50micrograms/dose inhaler (A A H Pharmaceuticals Ltd) (AMP),SNOMED,,non_salbutamol_inhaler_medication_SNOMED,,non_salbutamol_inhaler_medication_SNOMED,,,,
3175911000001100,Beclometasone 50micrograms/dose inhaler (Viatris UK Healthcare Ltd) (AMP),SNOMED,,non_salbutamol_inhaler_medication_SNOMED,,non_salbutamol_inhaler_medication_SNOMED,,,,
3176211000001100,Becotide 50 inhaler (GlaxoSmithKline UK Ltd) (AMP),SNOMED,,non_salbutamol_inhaler_medication_SNOMED,,non_salbutamol_inhaler_medication_SNOMED,,,,
3176411000001100,Beclazone 50 inhaler (Teva UK Ltd) (AMP),SNOMED,,non_salbutamol_inhaler_medication_SNOMED,,non_salbutamol_inhaler_medication_SNOMED,,,,
3176711000001100,Beclometasone 50micrograms/dose inhaler (Kent Pharma (UK) Ltd) (AMP),SNOMED,,non_salbutamol_inhaler_medication_SNOMED,,non_salbutamol_inhaler_medication_SNOMED,,,,
3176811000001100,Qvar 50 inhaler (Teva UK Ltd) (AMP),SNOMED,,non_salbutamol_inhaler_medication_SNOMED,,non_salbutamol_inhaler_medication_SNOMED,,,,
3177111000001100,Beclometasone 50micrograms/dose inhaler (Alliance Healthcare (Distribution) Ltd) (AMP),SNOMED,,non_salbutamol_inhaler_medication_SNOMED,,non_salbutamol_inhaler_medication_SNOMED,,,,
3177411000001100,Qvar 50 Autohaler (Teva UK Ltd) (AMP),SNOMED,,non_salbutamol_inhaler_medication_SNOMED,,non_salbutamol_inhaler_medication_SNOMED,,,,
3177711000001100,Qvar 100 Autohaler (Teva UK Ltd) (AMP),SNOMED,,non_salbutamol_inhaler_medication_SNOMED,,non_salbutamol_inhaler_medication_SNOMED,,,,
3177911000001100,Filair 100 inhaler (Meda Pharmaceuticals Ltd) (AMP),SNOMED,,non_salbutamol_inhaler_medication_SNOMED,,non_salbutamol_inhaler_medication_SNOMED,,,,
3178211000001100,Beclometasone 100micrograms/dose inhaler (A A H Pharmaceuticals Ltd) (AMP),SNOMED,,non_salbutamol_inhaler_medication_SNOMED,,non_salbutamol_inhaler_medication_SNOMED,,,,
3178411000001100,Beclometasone 100micrograms/dose inhaler (Viatris UK Healthcare Ltd) (AMP),SNOMED,,non_salbutamol_inhaler_medication_SNOMED,,non_salbutamol_inhaler_medication_SNOMED,,,,
3178611000001100,Becotide 100 inhaler (GlaxoSmithKline UK Ltd) (AMP),SNOMED,,non_salbutamol_inhaler_medication_SNOMED,,non_salbutamol_inhaler_medication_SNOMED,,,,
3178811000001100,Beclazone 100 inhaler (Teva UK Ltd) (AMP),SNOMED,,non_salbutamol_inhaler_medication_SNOMED,,non_salbutamol_inhaler_medication_SNOMED,,,,
3179011000001100,Beclometasone 100micrograms/dose inhaler (Alliance Healthcare (Distribution) Ltd) (AMP),SNOMED,,non_salbutamol_inhaler_medication_SNOMED,,non_salbutamol_inhaler_medication_SNOMED,,,,
3179311000001100,Becotide 200 inhaler (GlaxoSmithKline UK Ltd) (AMP),SNOMED,,non_salbutamol_inhaler_medication_SNOMED,,non_salbutamol_inhaler_medication_SNOMED,,,,
3179511000001100,Beclazone 200 inhaler (Teva UK Ltd) (AMP),SNOMED,,non_salbutamol_inhaler_medication_SNOMED,,non_salbutamol_inhaler_medication_SNOMED,,,,
3179811000001100,Beclometasone 250micrograms/dose inhaler (A A H Pharmaceuticals Ltd) (AMP),SNOMED,,non_salbutamol_inhaler_medication_SNOMED,,non_salbutamol_inhaler_medication_SNOMED,,,,
3180011000001100,Beclometasone 250micrograms/dose inhaler (Viatris UK Healthcare Ltd) (AMP),SNOMED,,non_salbutamol_inhaler_medication_SNOMED,,non_salbutamol_inhaler_medication_SNOMED,,,,
3180211000001100,Becloforte 250micrograms/dose inhaler (GlaxoSmithKline UK Ltd) (AMP),SNOMED,,non_salbutamol_inhaler_medication_SNOMED,,non_salbutamol_inhaler_medication_SNOMED,,,,
3180611000001100,Beclazone 250 inhaler (Teva UK Ltd) (AMP),SNOMED,,non_salbutamol_inhaler_medication_SNOMED,,non_salbutamol_inhaler_medication_SNOMED,,,,
3180911000001100,Beclometasone 250micrograms/dose inhaler (Alliance Healthcare (Distribution) Ltd) (AMP),SNOMED,,non_salbutamol_inhaler_medication_SNOMED,,non_salbutamol_inhaler_medication_SNOMED,,,,
3181411000001100,AeroBec 100 Autohaler (Meda Pharmaceuticals Ltd) (AMP),SNOMED,,non_salbutamol_inhaler_medication_SNOMED,,non_salbutamol_inhaler_medication_SNOMED,,,,
3181711000001100,Beclazone 100 Easi-Breathe inhaler (Teva UK Ltd) (AMP),SNOMED,,non_salbutamol_inhaler_medication_SNOMED,,non_salbutamol_inhaler_medication_SNOMED,,,,
3182411000001100,AeroBec Forte 250 Autohaler (Meda Pharmaceuticals Ltd) (AMP),SNOMED,,non_salbutamol_inhaler_medication_SNOMED,,non_salbutamol_inhaler_medication_SNOMED,,,,
3182611000001100,Beclazone 250 Easi-Breathe inhaler (Teva UK Ltd) (AMP),SNOMED,,non_salbutamol_inhaler_medication_SNOMED,,non_salbutamol_inhaler_medication_SNOMED,,,,
32199311000001100,Beclometasone 100micrograms/dose inhaler CFC free (Niche Pharma Ltd) (AMP),SNOMED,,non_salbutamol_inhaler_medication_SNOMED,,non_salbutamol_inhaler_medication_SNOMED,,,,
32199911000001100,Beclometasone 200micrograms/dose inhaler CFC free (Niche Pharma Ltd) (AMP),SNOMED,,non_salbutamol_inhaler_medication_SNOMED,,non_salbutamol_inhaler_medication_SNOMED,,,,
32200311000001100,Beclometasone 50micrograms/dose inhaler CFC free (Niche Pharma Ltd) (AMP),SNOMED,,non_salbutamol_inhaler_medication_SNOMED,,non_salbutamol_inhaler_medication_SNOMED,,,,
32408711000001100,Ipratropium bromide 20micrograms/dose inhaler CFC free (Kent Pharma (UK) Ltd) (AMP),SNOMED,,non_salbutamol_inhaler_medication_SNOMED,,non_salbutamol_inhaler_medication_SNOMED,,,,
32926011000001100,Symbicort 200micrograms/dose / 6micrograms/dose pressurised inhaler (AstraZeneca UK Ltd) (AMP),SNOMED,,non_salbutamol_inhaler_medication_SNOMED,,non_salbutamol_inhaler_medication_SNOMED,,,,
32960711000001100,Budesonide 200micrograms/dose / Formoterol 6micrograms/dose inhaler CFC free (VMP),SNOMED,,non_salbutamol_inhaler_medication_SNOMED,,non_salbutamol_inhaler_medication_SNOMED,,,,
34023611000001100,Sereflo 25micrograms/dose / 125micrograms/dose inhaler (Cipla EU Ltd) (AMP),SNOMED,,non_salbutamol_inhaler_medication_SNOMED,,non_salbutamol_inhaler_medication_SNOMED,,,,
34023811000001100,Sereflo 25micrograms/dose / 250micrograms/dose inhaler (Cipla EU Ltd) (AMP),SNOMED,,non_salbutamol_inhaler_medication_SNOMED,,non_salbutamol_inhaler_medication_SNOMED,,,,
34215311000001100,AirFluSal 25micrograms/dose / 125micrograms/dose inhaler (Sandoz Ltd) (AMP),SNOMED,,non_salbutamol_inhaler_medication_SNOMED,,non_salbutamol_inhaler_medication_SNOMED,,,,
34215511000001100,AirFluSal 25micrograms/dose / 250micrograms/dose inhaler (Sandoz Ltd) (AMP),SNOMED,,non_salbutamol_inhaler_medication_SNOMED,,non_salbutamol_inhaler_medication_SNOMED,,,,
34675711000001100,Aloflute 25micrograms/dose / 250micrograms/dose inhaler (Viatris UK Healthcare Ltd) (AMP),SNOMED,,non_salbutamol_inhaler_medication_SNOMED,,non_salbutamol_inhaler_medication_SNOMED,,,,
34677011000001100,Aloflute 25micrograms/dose / 125micrograms/dose inhaler (Viatris UK Healthcare Ltd) (AMP),SNOMED,,non_salbutamol_inhaler_medication_SNOMED,,non_salbutamol_inhaler_medication_SNOMED,,,,
34681611000001100,Trimbow 87micrograms/dose / 5micrograms/dose / 9micrograms/dose inhaler (Chiesi Ltd) (AMP),SNOMED,,non_salbutamol_inhaler_medication_SNOMED,,non_salbutamol_inhaler_medication_SNOMED,,,,
34683311000001100,Generic Trimbow 87micrograms/dose / 5micrograms/dose / 9micrograms/dose inhaler CFC free (VMP),SNOMED,,non_salbutamol_inhaler_medication_SNOMED,,non_salbutamol_inhaler_medication_SNOMED,,,,
347611000001103,Atrovent Forte 40micrograms/dose inhaler (Boehringer Ingelheim Ltd) (AMP),SNOMED,,non_salbutamol_inhaler_medication_SNOMED,,non_salbutamol_inhaler_medication_SNOMED,,,,
34954811000001100,Inhalvent 20micrograms/dose inhaler (Alissa Healthcare Research Ltd) (AMP),SNOMED,,non_salbutamol_inhaler_medication_SNOMED,,non_salbutamol_inhaler_medication_SNOMED,,,,
351411000001106,Atrovent 20micrograms/dose Autohaler (Boehringer Ingelheim Ltd) (AMP),SNOMED,,non_salbutamol_inhaler_medication_SNOMED,,non_salbutamol_inhaler_medication_SNOMED,,,,
35430111000001100,Kelhale 50micrograms/dose inhaler (Cipla EU Ltd) (AMP),SNOMED,,non_salbutamol_inhaler_medication_SNOMED,,non_salbutamol_inhaler_medication_SNOMED,,,,
35430311000001100,Kelhale 100micrograms/dose inhaler (Cipla EU Ltd) (AMP),SNOMED,,non_salbutamol_inhaler_medication_SNOMED,,non_salbutamol_inhaler_medication_SNOMED,,,,
35594011000001100,Combisal 25micrograms/dose / 50micrograms/dose inhaler (Aspire Pharma Ltd) (AMP),SNOMED,,non_salbutamol_inhaler_medication_SNOMED,,non_salbutamol_inhaler_medication_SNOMED,,,,
35594211000001100,Combisal 25micrograms/dose / 125micrograms/dose inhaler (Aspire Pharma Ltd) (AMP),SNOMED,,non_salbutamol_inhaler_medication_SNOMED,,non_salbutamol_inhaler_medication_SNOMED,,,,
35594411000001100,Combisal 25micrograms/dose / 250micrograms/dose inhaler (Aspire Pharma Ltd) (AMP),SNOMED,,non_salbutamol_inhaler_medication_SNOMED,,non_salbutamol_inhaler_medication_SNOMED,,,,
35647311000001100,Flutiform K-haler 125micrograms/dose / 5micrograms/dose breath actuated inhaler (Napp Pharmaceuticals Ltd) (AMP),SNOMED,,non_salbutamol_inhaler_medication_SNOMED,,non_salbutamol_inhaler_medication_SNOMED,,,,
35647511000001100,Fluticasone 125micrograms/dose / Formoterol 5micrograms/dose breath actuated inhaler CFC free (VMP),SNOMED,,non_salbutamol_inhaler_medication_SNOMED,,non_salbutamol_inhaler_medication_SNOMED,,,,
35647611000001100,Fluticasone 50micrograms/dose / Formoterol 5micrograms/dose breath actuated inhaler CFC free (VMP),SNOMED,,non_salbutamol_inhaler_medication_SNOMED,,non_salbutamol_inhaler_medication_SNOMED,,,,
35650811000001100,Flutiform K-haler 50micrograms/dose / 5micrograms/dose breath actuated inhaler (Napp Pharmaceuticals Ltd) (AMP),SNOMED,,non_salbutamol_inhaler_medication_SNOMED,,non_salbutamol_inhaler_medication_SNOMED,,,,
35907811000001100,Beclometasone 100micrograms/dose breath actuated inhaler (VMP),SNOMED,,non_salbutamol_inhaler_medication_SNOMED,,non_salbutamol_inhaler_medication_SNOMED,,,,
35907911000001100,Beclometasone 100micrograms/dose breath actuated inhaler CFC free (VMP),SNOMED,,non_salbutamol_inhaler_medication_SNOMED,,non_salbutamol_inhaler_medication_SNOMED,,,,
35908111000001100,Beclometasone 100micrograms/dose inhaler CFC free (VMP),SNOMED,,non_salbutamol_inhaler_medication_SNOMED,,non_salbutamol_inhaler_medication_SNOMED,,,,
35908511000001100,Beclometasone 200micrograms/dose inhaler (VMP),SNOMED,,non_salbutamol_inhaler_medication_SNOMED,,non_salbutamol_inhaler_medication_SNOMED,,,,
35908611000001100,Beclometasone 250micrograms/dose breath actuated inhaler (VMP),SNOMED,,non_salbutamol_inhaler_medication_SNOMED,,non_salbutamol_inhaler_medication_SNOMED,,,,
35908811000001100,Beclometasone 250micrograms/dose inhaler (VMP),SNOMED,,non_salbutamol_inhaler_medication_SNOMED,,non_salbutamol_inhaler_medication_SNOMED,,,,
35909211000001100,Beclometasone 50micrograms/dose breath actuated inhaler (VMP),SNOMED,,non_salbutamol_inhaler_medication_SNOMED,,non_salbutamol_inhaler_medication_SNOMED,,,,
35909311000001100,Beclometasone 50micrograms/dose breath actuated inhaler CFC free (VMP),SNOMED,,non_salbutamol_inhaler_medication_SNOMED,,non_salbutamol_inhaler_medication_SNOMED,,,,
35909511000001100,Beclometasone 50micrograms/dose inhaler (VMP),SNOMED,,non_salbutamol_inhaler_medication_SNOMED,,non_salbutamol_inhaler_medication_SNOMED,,,,
35909611000001100,Beclometasone 50micrograms/dose inhaler CFC free (VMP),SNOMED,,non_salbutamol_inhaler_medication_SNOMED,,non_salbutamol_inhaler_medication_SNOMED,,,,
35926611000001100,Sodium cromoglicate 5mg/dose breath actuated inhaler (VMP),SNOMED,,non_salbutamol_inhaler_medication_SNOMED,,non_salbutamol_inhaler_medication_SNOMED,,,,
35926711000001100,Sodium cromoglicate 5mg/dose inhaler (VMP),SNOMED,,non_salbutamol_inhaler_medication_SNOMED,,non_salbutamol_inhaler_medication_SNOMED,,,,
3604611000001100,Beclazone 50 Easi-Breathe inhaler (Teva UK Ltd) (AMP),SNOMED,,non_salbutamol_inhaler_medication_SNOMED,,non_salbutamol_inhaler_medication_SNOMED,,,,
3604911000001100,AeroBec 50 Autohaler (Meda Pharmaceuticals Ltd) (AMP),SNOMED,,non_salbutamol_inhaler_medication_SNOMED,,non_salbutamol_inhaler_medication_SNOMED,,,,
36049211000001100,Ipratropium bromide 20micrograms/dose breath actuated inhaler (VMP),SNOMED,,non_salbutamol_inhaler_medication_SNOMED,,non_salbutamol_inhaler_medication_SNOMED,,,,
36049311000001100,Ipratropium bromide 20micrograms/dose inhaler (VMP),SNOMED,,non_salbutamol_inhaler_medication_SNOMED,,non_salbutamol_inhaler_medication_SNOMED,,,,
36049411000001100,Ipratropium bromide 40micrograms/dose inhaler (VMP),SNOMED,,non_salbutamol_inhaler_medication_SNOMED,,non_salbutamol_inhaler_medication_SNOMED,,,,
36059111000001100,Fluticasone 25micrograms/dose inhaler (VMP),SNOMED,,non_salbutamol_inhaler_medication_SNOMED,,non_salbutamol_inhaler_medication_SNOMED,,,,
36066611000001100,Fenoterol 100micrograms/dose / Ipratropium 40micrograms/dose inhaler (VMP),SNOMED,,non_salbutamol_inhaler_medication_SNOMED,,non_salbutamol_inhaler_medication_SNOMED,,,,
36066711000001100,Fenoterol 100micrograms/dose / Ipratropium bromide 40micrograms/dose breath actuated inhaler (VMP),SNOMED,,non_salbutamol_inhaler_medication_SNOMED,,non_salbutamol_inhaler_medication_SNOMED,,,,
36603211000001100,Soprobec 50micrograms/dose inhaler (Glenmark Pharmaceuticals Europe Ltd) (AMP),SNOMED,,non_salbutamol_inhaler_medication_SNOMED,,non_salbutamol_inhaler_medication_SNOMED,,,,
36603411000001100,Soprobec 200micrograms/dose inhaler (Glenmark Pharmaceuticals Europe Ltd) (AMP),SNOMED,,non_salbutamol_inhaler_medication_SNOMED,,non_salbutamol_inhaler_medication_SNOMED,,,,
36603611000001100,Soprobec 100micrograms/dose inhaler (Glenmark Pharmaceuticals Europe Ltd) (AMP),SNOMED,,non_salbutamol_inhaler_medication_SNOMED,,non_salbutamol_inhaler_medication_SNOMED,,,,
36603811000001100,Soprobec 250micrograms/dose inhaler (Glenmark Pharmaceuticals Europe Ltd) (AMP),SNOMED,,non_salbutamol_inhaler_medication_SNOMED,,non_salbutamol_inhaler_medication_SNOMED,,,,
37344011000001100,Atrovent 20micrograms/dose inhaler CFC free (Mawdsley-Brooks & Company Ltd) (AMP),SNOMED,,non_salbutamol_inhaler_medication_SNOMED,,non_salbutamol_inhaler_medication_SNOMED,,,,
37391711000001100,Flutiform 125micrograms/dose / 5micrograms/dose inhaler (CST Pharma Ltd) (AMP),SNOMED,,non_salbutamol_inhaler_medication_SNOMED,,non_salbutamol_inhaler_medication_SNOMED,,,,
37400911000001100,Qvar 100 Autohaler (CST Pharma Ltd) (AMP),SNOMED,,non_salbutamol_inhaler_medication_SNOMED,,non_salbutamol_inhaler_medication_SNOMED,,,,
37443611000001100,Seretide 250 Evohaler (CST Pharma Ltd) (AMP),SNOMED,,non_salbutamol_inhaler_medication_SNOMED,,non_salbutamol_inhaler_medication_SNOMED,,,,
37444011000001100,Seretide 125 Evohaler (CST Pharma Ltd) (AMP),SNOMED,,non_salbutamol_inhaler_medication_SNOMED,,non_salbutamol_inhaler_medication_SNOMED,,,,
37444611000001100,Qvar 100 inhaler (CST Pharma Ltd) (AMP),SNOMED,,non_salbutamol_inhaler_medication_SNOMED,,non_salbutamol_inhaler_medication_SNOMED,,,,
37448711000001100,Flutiform 250micrograms/dose / 10micrograms/dose inhaler (CST Pharma Ltd) (AMP),SNOMED,,non_salbutamol_inhaler_medication_SNOMED,,non_salbutamol_inhaler_medication_SNOMED,,,,
37484711000001100,Flutiform 250micrograms/dose / 10micrograms/dose inhaler (Mawdsley-Brooks & Company Ltd) (AMP),SNOMED,,non_salbutamol_inhaler_medication_SNOMED,,non_salbutamol_inhaler_medication_SNOMED,,,,
37484911000001100,Flutiform 125micrograms/dose / 5micrograms/dose inhaler (Mawdsley-Brooks & Company Ltd) (AMP),SNOMED,,non_salbutamol_inhaler_medication_SNOMED,,non_salbutamol_inhaler_medication_SNOMED,,,,
37577111000001100,Alvesco 160 inhaler (CST Pharma Ltd) (AMP),SNOMED,,non_salbutamol_inhaler_medication_SNOMED,,non_salbutamol_inhaler_medication_SNOMED,,,,
37596311000001100,Atrovent 20micrograms/dose inhaler CFC free (CST Pharma Ltd) (AMP),SNOMED,,non_salbutamol_inhaler_medication_SNOMED,,non_salbutamol_inhaler_medication_SNOMED,,,,
37665111000001100,Flutiform 125micrograms/dose / 5micrograms/dose inhaler (Pilsco Ltd) (AMP),SNOMED,,non_salbutamol_inhaler_medication_SNOMED,,non_salbutamol_inhaler_medication_SNOMED,,,,
37665311000001100,Flutiform 250micrograms/dose / 10micrograms/dose inhaler (Pilsco Ltd) (AMP),SNOMED,,non_salbutamol_inhaler_medication_SNOMED,,non_salbutamol_inhaler_medication_SNOMED,,,,
37699711000001100,Qvar 100 Autohaler (Pilsco Ltd) (AMP),SNOMED,,non_salbutamol_inhaler_medication_SNOMED,,non_salbutamol_inhaler_medication_SNOMED,,,,
37702411000001100,Seretide 250 Evohaler (Pilsco Ltd) (AMP),SNOMED,,non_salbutamol_inhaler_medication_SNOMED,,non_salbutamol_inhaler_medication_SNOMED,,,,
37714611000001100,AirFluSal 25micrograms/dose / 125micrograms/dose inhaler (Pilsco Ltd) (AMP),SNOMED,,non_salbutamol_inhaler_medication_SNOMED,,non_salbutamol_inhaler_medication_SNOMED,,,,
37714811000001100,AirFluSal 25micrograms/dose / 250micrograms/dose inhaler (Pilsco Ltd) (AMP),SNOMED,,non_salbutamol_inhaler_medication_SNOMED,,non_salbutamol_inhaler_medication_SNOMED,,,,
37715611000001100,Atimos Modulite 12micrograms/dose inhaler (Pilsco Ltd) (AMP),SNOMED,,non_salbutamol_inhaler_medication_SNOMED,,non_salbutamol_inhaler_medication_SNOMED,,,,
37727811000001100,Qvar 100 inhaler (Pilsco Ltd) (AMP),SNOMED,,non_salbutamol_inhaler_medication_SNOMED,,non_salbutamol_inhaler_medication_SNOMED,,,,
37729411000001100,Sereflo 25micrograms/dose / 250micrograms/dose inhaler (Pilsco Ltd) (AMP),SNOMED,,non_salbutamol_inhaler_medication_SNOMED,,non_salbutamol_inhaler_medication_SNOMED,,,,
377511000001101,Cromogen 5mg/dose Easi-Breathe inhaler (Teva UK Ltd) (AMP),SNOMED,,non_salbutamol_inhaler_medication_SNOMED,,non_salbutamol_inhaler_medication_SNOMED,,,,
37842911000001100,Ipravent 20micrograms/dose inhaler CFC free (Cipla EU Ltd) (AMP),SNOMED,,non_salbutamol_inhaler_medication_SNOMED,,non_salbutamol_inhaler_medication_SNOMED,,,,
37996511000001100,Seretide 125 Evohaler (Pharmaram Ltd) (AMP),SNOMED,,non_salbutamol_inhaler_medication_SNOMED,,non_salbutamol_inhaler_medication_SNOMED,,,,
37996711000001100,Seretide 250 Evohaler (Pharmaram Ltd) (AMP),SNOMED,,non_salbutamol_inhaler_medication_SNOMED,,non_salbutamol_inhaler_medication_SNOMED,,,,
38134511000001100,Flutiform 125micrograms/dose / 5micrograms/dose inhaler (DE Pharmaceuticals) (AMP),SNOMED,,non_salbutamol_inhaler_medication_SNOMED,,non_salbutamol_inhaler_medication_SNOMED,,,,
38134711000001100,Flutiform 250micrograms/dose / 10micrograms/dose inhaler (DE Pharmaceuticals) (AMP),SNOMED,,non_salbutamol_inhaler_medication_SNOMED,,non_salbutamol_inhaler_medication_SNOMED,,,,
38134911000001100,Flutiform 50micrograms/dose / 5micrograms/dose inhaler (DE Pharmaceuticals) (AMP),SNOMED,,non_salbutamol_inhaler_medication_SNOMED,,non_salbutamol_inhaler_medication_SNOMED,,,,
38135111000001100,Flutiform K-haler 125micrograms/dose / 5micrograms/dose breath actuated inhaler (DE Pharmaceuticals) (AMP),SNOMED,,non_salbutamol_inhaler_medication_SNOMED,,non_salbutamol_inhaler_medication_SNOMED,,,,
38135311000001100,Flutiform K-haler 50micrograms/dose / 5micrograms/dose breath actuated inhaler (DE Pharmaceuticals) (AMP),SNOMED,,non_salbutamol_inhaler_medication_SNOMED,,non_salbutamol_inhaler_medication_SNOMED,,,,
38166911000001100,Sirdupla 25micrograms/dose / 125micrograms/dose inhaler (DE Pharmaceuticals) (AMP),SNOMED,,non_salbutamol_inhaler_medication_SNOMED,,non_salbutamol_inhaler_medication_SNOMED,,,,
38167111000001100,Sirdupla 25micrograms/dose / 250micrograms/dose inhaler (DE Pharmaceuticals) (AMP),SNOMED,,non_salbutamol_inhaler_medication_SNOMED,,non_salbutamol_inhaler_medication_SNOMED,,,,
38640111000001100,Sirdupla 25micrograms/dose / 125micrograms/dose inhaler (Pilsco Ltd) (AMP),SNOMED,,non_salbutamol_inhaler_medication_SNOMED,,non_salbutamol_inhaler_medication_SNOMED,,,,
38640311000001100,Sirdupla 25micrograms/dose / 250micrograms/dose inhaler (Pilsco Ltd) (AMP),SNOMED,,non_salbutamol_inhaler_medication_SNOMED,,non_salbutamol_inhaler_medication_SNOMED,,,,
38894511000001100,Ipratropium bromide 20micrograms/dose inhaler CFC free (VMP),SNOMED,,non_salbutamol_inhaler_medication_SNOMED,,non_salbutamol_inhaler_medication_SNOMED,,,,
38958611000001100,Sodium cromoglicate 5mg/dose inhaler CFC free (Imported) (AMP),SNOMED,,non_salbutamol_inhaler_medication_SNOMED,,non_salbutamol_inhaler_medication_SNOMED,,,,
39089311000001100,Flutiform K-haler 125micrograms/dose / 5micrograms/dose breath actuated inhaler (Pilsco Ltd) (AMP),SNOMED,,non_salbutamol_inhaler_medication_SNOMED,,non_salbutamol_inhaler_medication_SNOMED,,,,
39105811000001100,Symbicort 100micrograms/dose / 3micrograms/dose pressurised inhaler (AstraZeneca UK Ltd) (AMP),SNOMED,,non_salbutamol_inhaler_medication_SNOMED,,non_salbutamol_inhaler_medication_SNOMED,,,,
39110911000001100,Fluticasone 50micrograms/dose inhaler CFC free (VMP),SNOMED,,non_salbutamol_inhaler_medication_SNOMED,,non_salbutamol_inhaler_medication_SNOMED,,,,
39111011000001100,Fluticasone 50micrograms/dose / Salmeterol 25micrograms/dose inhaler CFC free (VMP),SNOMED,,non_salbutamol_inhaler_medication_SNOMED,,non_salbutamol_inhaler_medication_SNOMED,,,,
39111111000001100,Fluticasone 125micrograms/dose / Salmeterol 25micrograms/dose inhaler CFC free (VMP),SNOMED,,non_salbutamol_inhaler_medication_SNOMED,,non_salbutamol_inhaler_medication_SNOMED,,,,
39111211000001100,Fluticasone 125micrograms/dose inhaler CFC free (VMP),SNOMED,,non_salbutamol_inhaler_medication_SNOMED,,non_salbutamol_inhaler_medication_SNOMED,,,,
39111311000001100,Fluticasone 250micrograms/dose / Salmeterol 25micrograms/dose inhaler CFC free (VMP),SNOMED,,non_salbutamol_inhaler_medication_SNOMED,,non_salbutamol_inhaler_medication_SNOMED,,,,
39111411000001100,Fluticasone 250micrograms/dose inhaler CFC free (VMP),SNOMED,,non_salbutamol_inhaler_medication_SNOMED,,non_salbutamol_inhaler_medication_SNOMED,,,,
39133611000001100,Budesonide 100micrograms/dose / Formoterol 3micrograms/dose inhaler CFC free (VMP),SNOMED,,non_salbutamol_inhaler_medication_SNOMED,,non_salbutamol_inhaler_medication_SNOMED,,,,
39327311000001100,Trixeo Aerosphere 5micrograms/dose / 7.2micrograms/dose / 160micrograms/dose pressurised inhaler (AstraZeneca UK Ltd) (AMP),SNOMED,,non_salbutamol_inhaler_medication_SNOMED,,non_salbutamol_inhaler_medication_SNOMED,,,,
39329111000001100,Bevespi Aerosphere 7.2micrograms/dose / 5micrograms/dose pressurised inhaler (AstraZeneca UK Ltd) (AMP),SNOMED,,non_salbutamol_inhaler_medication_SNOMED,,non_salbutamol_inhaler_medication_SNOMED,,,,
39343511000001100,Generic Trixeo Aerosphere 5micrograms/dose / 7.2micrograms/dose / 160micrograms/dose inhaler CFC free (VMP),SNOMED,,non_salbutamol_inhaler_medication_SNOMED,,non_salbutamol_inhaler_medication_SNOMED,,,,
39343611000001100,Glycopyrronium 7.2micrograms/dose / Formoterol 5micrograms/dose inhaler CFC free (VMP),SNOMED,,non_salbutamol_inhaler_medication_SNOMED,,non_salbutamol_inhaler_medication_SNOMED,,,,
39360411000001100,Sereflo 25micrograms/dose / 125micrograms/dose inhaler (Pilsco Ltd) (AMP),SNOMED,,non_salbutamol_inhaler_medication_SNOMED,,non_salbutamol_inhaler_medication_SNOMED,,,,
39817511000001100,Luforbec 100micrograms/dose / 6micrograms/dose inhaler (Lupin Healthcare (UK) Ltd) (AMP),SNOMED,,non_salbutamol_inhaler_medication_SNOMED,,non_salbutamol_inhaler_medication_SNOMED,,,,
398511000001105,Flixotide 125micrograms/dose Evohaler (GlaxoSmithKline UK Ltd) (AMP),SNOMED,,non_salbutamol_inhaler_medication_SNOMED,,non_salbutamol_inhaler_medication_SNOMED,,,,
39939611000001100,Fostair 100micrograms/dose / 6micrograms/dose inhaler (CST Pharma Ltd) (AMP),SNOMED,,non_salbutamol_inhaler_medication_SNOMED,,non_salbutamol_inhaler_medication_SNOMED,,,,
40034211000001100,Avenor 25micrograms/dose / 50micrograms/dose inhaler (Zentiva Pharma UK Ltd) (AMP),SNOMED,,non_salbutamol_inhaler_medication_SNOMED,,non_salbutamol_inhaler_medication_SNOMED,,,,
40040711000001100,Avenor 25micrograms/dose / 125micrograms/dose inhaler (Zentiva Pharma UK Ltd) (AMP),SNOMED,,non_salbutamol_inhaler_medication_SNOMED,,non_salbutamol_inhaler_medication_SNOMED,,,,
40040911000001100,Avenor 25micrograms/dose / 250micrograms/dose inhaler (Zentiva Pharma UK Ltd) (AMP),SNOMED,,non_salbutamol_inhaler_medication_SNOMED,,non_salbutamol_inhaler_medication_SNOMED,,,,
40220711000001100,Seretide 50 Evohaler (CST Pharma Ltd) (AMP),SNOMED,,non_salbutamol_inhaler_medication_SNOMED,,non_salbutamol_inhaler_medication_SNOMED,,,,
40377811000001100,Alvesco 160 inhaler (DE Pharmaceuticals) (AMP),SNOMED,,non_salbutamol_inhaler_medication_SNOMED,,non_salbutamol_inhaler_medication_SNOMED,,,,
40752211000001100,Trimbow 172micrograms/dose / 5micrograms/dose / 9micrograms/dose inhaler (Chiesi Ltd) (AMP),SNOMED,,non_salbutamol_inhaler_medication_SNOMED,,non_salbutamol_inhaler_medication_SNOMED,,,,
40766811000001100,Generic Trimbow 172micrograms/dose / 5micrograms/dose / 9micrograms/dose inhaler CFC free (VMP),SNOMED,,non_salbutamol_inhaler_medication_SNOMED,,non_salbutamol_inhaler_medication_SNOMED,,,,
40852311000001100,Luforbec 200micrograms/dose / 6micrograms/dose inhaler (Lupin Healthcare (UK) Ltd) (AMP),SNOMED,,non_salbutamol_inhaler_medication_SNOMED,,non_salbutamol_inhaler_medication_SNOMED,,,,
4146211000001100,Intal 5mg/dose Syncroner with spacer (Aventis Pharma) (AMP),SNOMED,,non_salbutamol_inhaler_medication_SNOMED,,non_salbutamol_inhaler_medication_SNOMED,,,,
41475411000001100,Beclu 100micrograms/dose inhaler (Lupin Healthcare (UK) Ltd) (AMP),SNOMED,,non_salbutamol_inhaler_medication_SNOMED,,non_salbutamol_inhaler_medication_SNOMED,,,,
41476211000001100,Beclu 200micrograms/dose inhaler (Lupin Healthcare (UK) Ltd) (AMP),SNOMED,,non_salbutamol_inhaler_medication_SNOMED,,non_salbutamol_inhaler_medication_SNOMED,,,,
4161311000001100,Sodium cromoglicate 5mg/dose inhaler with spacer (VMP),SNOMED,,non_salbutamol_inhaler_medication_SNOMED,,non_salbutamol_inhaler_medication_SNOMED,,,,
41963811000001100,Bibecfo 100micrograms/dose / 6micrograms/dose inhaler (Cipla EU Ltd) (AMP),SNOMED,,non_salbutamol_inhaler_medication_SNOMED,,non_salbutamol_inhaler_medication_SNOMED,,,,
41966111000001100,Bibecfo 200micrograms/dose / 6micrograms/dose inhaler (Cipla EU Ltd) (AMP),SNOMED,,non_salbutamol_inhaler_medication_SNOMED,,non_salbutamol_inhaler_medication_SNOMED,,,,
42292311000001100,Beclometasone 100micrograms/dose inhaler (VMP),SNOMED,,non_salbutamol_inhaler_medication_SNOMED,,non_salbutamol_inhaler_medication_SNOMED,,,,
42606411000001100,Vivaire 100micrograms/dose / 6micrograms/dose inhaler (Zentiva Pharma UK Ltd) (AMP),SNOMED,,non_salbutamol_inhaler_medication_SNOMED,,non_salbutamol_inhaler_medication_SNOMED,,,,
42833911000001100,Alvesco 160 inhaler (Necessity Supplies Ltd) (AMP),SNOMED,,non_salbutamol_inhaler_medication_SNOMED,,non_salbutamol_inhaler_medication_SNOMED,,,,
42837211000001100,Atrovent 20micrograms/dose inhaler CFC free (Necessity Supplies Ltd) (AMP),SNOMED,,non_salbutamol_inhaler_medication_SNOMED,,non_salbutamol_inhaler_medication_SNOMED,,,,
42851411000001100,Flutiform 250micrograms/dose / 10micrograms/dose inhaler (Necessity Supplies Ltd) (AMP),SNOMED,,non_salbutamol_inhaler_medication_SNOMED,,non_salbutamol_inhaler_medication_SNOMED,,,,
42851611000001100,Flutiform 50micrograms/dose / 5micrograms/dose inhaler (Necessity Supplies Ltd) (AMP),SNOMED,,non_salbutamol_inhaler_medication_SNOMED,,non_salbutamol_inhaler_medication_SNOMED,,,,
42872811000001100,Qvar 100 inhaler (Necessity Supplies Ltd) (AMP),SNOMED,,non_salbutamol_inhaler_medication_SNOMED,,non_salbutamol_inhaler_medication_SNOMED,,,,
42876111000001100,Sereflo 25micrograms/dose / 125micrograms/dose inhaler (Necessity Supplies Ltd) (AMP),SNOMED,,non_salbutamol_inhaler_medication_SNOMED,,non_salbutamol_inhaler_medication_SNOMED,,,,
42876311000001100,Sereflo 25micrograms/dose / 250micrograms/dose inhaler (Necessity Supplies Ltd) (AMP),SNOMED,,non_salbutamol_inhaler_medication_SNOMED,,non_salbutamol_inhaler_medication_SNOMED,,,,
42878011000001100,Seretide 50 Evohaler (Necessity Supplies Ltd) (AMP),SNOMED,,non_salbutamol_inhaler_medication_SNOMED,,non_salbutamol_inhaler_medication_SNOMED,,,,
42882111000001100,Sirdupla 25micrograms/dose / 250micrograms/dose inhaler (Necessity Supplies Ltd) (AMP),SNOMED,,non_salbutamol_inhaler_medication_SNOMED,,non_salbutamol_inhaler_medication_SNOMED,,,,
43173611000001100,AirFluSal 25micrograms/dose / 125micrograms/dose inhaler (Necessity Supplies Ltd) (AMP),SNOMED,,non_salbutamol_inhaler_medication_SNOMED,,non_salbutamol_inhaler_medication_SNOMED,,,,
4332611000001100,Beclometasone 200micrograms/dose inhaler (A A H Pharmaceuticals Ltd) (AMP),SNOMED,,non_salbutamol_inhaler_medication_SNOMED,,non_salbutamol_inhaler_medication_SNOMED,,,,
43823711000001100,Ciclesonide 80micrograms/dose inhaler CFC free (Advanz Pharma) (AMP),SNOMED,,non_salbutamol_inhaler_medication_SNOMED,,non_salbutamol_inhaler_medication_SNOMED,,,,
43823911000001100,Ciclesonide 160micrograms/dose inhaler CFC free (Advanz Pharma) (AMP),SNOMED,,non_salbutamol_inhaler_medication_SNOMED,,non_salbutamol_inhaler_medication_SNOMED,,,,
44073411000001100,Vivaire 200micrograms/dose / 6micrograms/dose inhaler (Zentiva Pharma UK Ltd) (AMP),SNOMED,,non_salbutamol_inhaler_medication_SNOMED,,non_salbutamol_inhaler_medication_SNOMED,,,,
44137711000001100,Ciclesonide 160micrograms/dose inhaler CFC free (Alliance Healthcare (Distribution) Ltd) (AMP),SNOMED,,non_salbutamol_inhaler_medication_SNOMED,,non_salbutamol_inhaler_medication_SNOMED,,,,
44138311000001100,Ciclesonide 80micrograms/dose inhaler CFC free (Alliance Healthcare (Distribution) Ltd) (AMP),SNOMED,,non_salbutamol_inhaler_medication_SNOMED,,non_salbutamol_inhaler_medication_SNOMED,,,,
44169711000001100,Proxor 100micrograms/dose / 6micrograms/dose inhaler (Genus Pharmaceuticals Ltd) (AMP),SNOMED,,non_salbutamol_inhaler_medication_SNOMED,,non_salbutamol_inhaler_medication_SNOMED,,,,
44170211000001100,Proxor 200micrograms/dose / 6micrograms/dose inhaler (Genus Pharmaceuticals Ltd) (AMP),SNOMED,,non_salbutamol_inhaler_medication_SNOMED,,non_salbutamol_inhaler_medication_SNOMED,,,,
44221111000001100,Ciclesonide 80micrograms/dose inhaler CFC free (A A H Pharmaceuticals Ltd) (AMP),SNOMED,,non_salbutamol_inhaler_medication_SNOMED,,non_salbutamol_inhaler_medication_SNOMED,,,,
44221911000001100,Ciclesonide 160micrograms/dose inhaler CFC free (A A H Pharmaceuticals Ltd) (AMP),SNOMED,,non_salbutamol_inhaler_medication_SNOMED,,non_salbutamol_inhaler_medication_SNOMED,,,,
45258811000001100,Fostair 100micrograms/dose / 6micrograms/dose inhaler (Necessity Supplies Ltd) (AMP),SNOMED,,non_salbutamol_inhaler_medication_SNOMED,,non_salbutamol_inhaler_medication_SNOMED,,,,
45277911000001100,Soprobec 200micrograms/dose inhaler (Necessity Supplies Ltd) (AMP),SNOMED,,non_salbutamol_inhaler_medication_SNOMED,,non_salbutamol_inhaler_medication_SNOMED,,,,
453611000001102,Seretide 50 Evohaler (GlaxoSmithKline UK Ltd) (AMP),SNOMED,,non_salbutamol_inhaler_medication_SNOMED,,non_salbutamol_inhaler_medication_SNOMED,,,,
4753511000001100,Filair Forte 250micrograms/dose inhaler (Meda Pharmaceuticals Ltd) (AMP),SNOMED,,non_salbutamol_inhaler_medication_SNOMED,,non_salbutamol_inhaler_medication_SNOMED,,,,
4773611000001100,Beclometasone 50micrograms/dose inhaler (Teva UK Ltd) (AMP),SNOMED,,non_salbutamol_inhaler_medication_SNOMED,,non_salbutamol_inhaler_medication_SNOMED,,,,
4773811000001100,Beclometasone 100micrograms/dose inhaler (Teva UK Ltd) (AMP),SNOMED,,non_salbutamol_inhaler_medication_SNOMED,,non_salbutamol_inhaler_medication_SNOMED,,,,
4774011000001100,Beclometasone 250micrograms/dose inhaler (Teva UK Ltd) (AMP),SNOMED,,non_salbutamol_inhaler_medication_SNOMED,,non_salbutamol_inhaler_medication_SNOMED,,,,
4856011000001100,Flixotide 25micrograms/dose inhaler (GlaxoSmithKline UK Ltd) (AMP),SNOMED,,non_salbutamol_inhaler_medication_SNOMED,,non_salbutamol_inhaler_medication_SNOMED,,,,
5255211000001100,Atrovent 20micrograms/dose inhaler (Waymade Healthcare Plc) (AMP),SNOMED,,non_salbutamol_inhaler_medication_SNOMED,,non_salbutamol_inhaler_medication_SNOMED,,,,
5256011000001100,Becloforte 250micrograms/dose inhaler (Waymade Healthcare Plc) (AMP),SNOMED,,non_salbutamol_inhaler_medication_SNOMED,,non_salbutamol_inhaler_medication_SNOMED,,,,
5256611000001100,Becotide 100 inhaler (Waymade Healthcare Plc) (AMP),SNOMED,,non_salbutamol_inhaler_medication_SNOMED,,non_salbutamol_inhaler_medication_SNOMED,,,,
5256811000001100,Becotide 50 inhaler (Waymade Healthcare Plc) (AMP),SNOMED,,non_salbutamol_inhaler_medication_SNOMED,,non_salbutamol_inhaler_medication_SNOMED,,,,
5267111000001100,Flixotide 125micrograms/dose Evohaler (Waymade Healthcare Plc) (AMP),SNOMED,,non_salbutamol_inhaler_medication_SNOMED,,non_salbutamol_inhaler_medication_SNOMED,,,,
5268111000001100,Flixotide 250micrograms/dose Evohaler (Waymade Healthcare Plc) (AMP),SNOMED,,non_salbutamol_inhaler_medication_SNOMED,,non_salbutamol_inhaler_medication_SNOMED,,,,
5269711000001100,Intal 5mg/dose inhaler (Waymade Healthcare Plc) (AMP),SNOMED,,non_salbutamol_inhaler_medication_SNOMED,,non_salbutamol_inhaler_medication_SNOMED,,,,
5276811000001100,Seretide 250 Evohaler (Waymade Healthcare Plc) (AMP),SNOMED,,non_salbutamol_inhaler_medication_SNOMED,,non_salbutamol_inhaler_medication_SNOMED,,,,
5281611000001100,Atrovent 20micrograms/dose inhaler (Dowelhurst Ltd) (AMP),SNOMED,,non_salbutamol_inhaler_medication_SNOMED,,non_salbutamol_inhaler_medication_SNOMED,,,,
5282711000001100,Becloforte 250micrograms/dose inhaler (Dowelhurst Ltd) (AMP),SNOMED,,non_salbutamol_inhaler_medication_SNOMED,,non_salbutamol_inhaler_medication_SNOMED,,,,
5284711000001100,Becotide 50 inhaler (Dowelhurst Ltd) (AMP),SNOMED,,non_salbutamol_inhaler_medication_SNOMED,,non_salbutamol_inhaler_medication_SNOMED,,,,
5293111000001100,Flixotide 125micrograms/dose Evohaler (Dowelhurst Ltd) (AMP),SNOMED,,non_salbutamol_inhaler_medication_SNOMED,,non_salbutamol_inhaler_medication_SNOMED,,,,
5294611000001100,Flixotide 250micrograms/dose Evohaler (Dowelhurst Ltd) (AMP),SNOMED,,non_salbutamol_inhaler_medication_SNOMED,,non_salbutamol_inhaler_medication_SNOMED,,,,
5297311000001100,Intal 5mg/dose inhaler (Dowelhurst Ltd) (AMP),SNOMED,,non_salbutamol_inhaler_medication_SNOMED,,non_salbutamol_inhaler_medication_SNOMED,,,,
5297911000001100,Ipratropium 20micrograms/dose inhaler (Dowelhurst Ltd) (AMP),SNOMED,,non_salbutamol_inhaler_medication_SNOMED,,non_salbutamol_inhaler_medication_SNOMED,,,,
533311000001100,Intal 5mg/dose inhaler (Aventis Pharma) (AMP),SNOMED,,non_salbutamol_inhaler_medication_SNOMED,,non_salbutamol_inhaler_medication_SNOMED,,,,
5350911000001100,Fluticasone 125micrograms/dose Evohaler (Dowelhurst Ltd) (AMP),SNOMED,,non_salbutamol_inhaler_medication_SNOMED,,non_salbutamol_inhaler_medication_SNOMED,,,,
5351111000001100,Fluticasone 250micrograms/dose Evohaler (Dowelhurst Ltd) (AMP),SNOMED,,non_salbutamol_inhaler_medication_SNOMED,,non_salbutamol_inhaler_medication_SNOMED,,,,
539811000001106,Seretide 250 Evohaler (GlaxoSmithKline UK Ltd) (AMP),SNOMED,,non_salbutamol_inhaler_medication_SNOMED,,non_salbutamol_inhaler_medication_SNOMED,,,,
5464611000001100,Sodium cromoglicate 5mg/dose inhaler (Dowelhurst Ltd) (AMP),SNOMED,,non_salbutamol_inhaler_medication_SNOMED,,non_salbutamol_inhaler_medication_SNOMED,,,,
725311000001102,Cromogen 5mg/dose inhaler (Teva UK Ltd) (AMP),SNOMED,,non_salbutamol_inhaler_medication_SNOMED,,non_salbutamol_inhaler_medication_SNOMED,,,,
726611000001102,Flixotide 50micrograms/dose Evohaler (GlaxoSmithKline UK Ltd) (AMP),SNOMED,,non_salbutamol_inhaler_medication_SNOMED,,non_salbutamol_inhaler_medication_SNOMED,,,,
7379111000001100,Beclometasone 100micrograms/dose inhaler (Kent Pharma (UK) Ltd) (AMP),SNOMED,,non_salbutamol_inhaler_medication_SNOMED,,non_salbutamol_inhaler_medication_SNOMED,,,,
7379311000001100,Beclometasone 250micrograms/dose inhaler (Kent Pharma (UK) Ltd) (AMP),SNOMED,,non_salbutamol_inhaler_medication_SNOMED,,non_salbutamol_inhaler_medication_SNOMED,,,,
7389911000001100,Atrovent 20micrograms/dose inhaler CFC free (Boehringer Ingelheim Ltd) (AMP),SNOMED,,non_salbutamol_inhaler_medication_SNOMED,,non_salbutamol_inhaler_medication_SNOMED,,,,
810211000001105,Seretide 125 Evohaler (GlaxoSmithKline UK Ltd) (AMP),SNOMED,,non_salbutamol_inhaler_medication_SNOMED,,non_salbutamol_inhaler_medication_SNOMED,,,,
8159511000001100,Qvar 50micrograms/dose Easi-Breathe inhaler (Teva UK Ltd) (AMP),SNOMED,,non_salbutamol_inhaler_medication_SNOMED,,non_salbutamol_inhaler_medication_SNOMED,,,,
8159711000001100,Qvar 100micrograms/dose Easi-Breathe inhaler (Teva UK Ltd) (AMP),SNOMED,,non_salbutamol_inhaler_medication_SNOMED,,non_salbutamol_inhaler_medication_SNOMED,,,,
9003911000001100,Alvesco 80 inhaler (Covis Pharma GmbH) (AMP),SNOMED,,non_salbutamol_inhaler_medication_SNOMED,,non_salbutamol_inhaler_medication_SNOMED,,,,
9004211000001100,Alvesco 160 inhaler (Covis Pharma GmbH) (AMP),SNOMED,,non_salbutamol_inhaler_medication_SNOMED,,non_salbutamol_inhaler_medication_SNOMED,,,,
9004411000001100,Ciclesonide 160micrograms/dose inhaler CFC free (VMP),SNOMED,,non_salbutamol_inhaler_medication_SNOMED,,non_salbutamol_inhaler_medication_SNOMED,,,,
9004511000001100,Ciclesonide 80micrograms/dose inhaler CFC free (VMP),SNOMED,,non_salbutamol_inhaler_medication_SNOMED,,non_salbutamol_inhaler_medication_SNOMED,,,,
9520811000001100,Intal 5mg/dose Fisonair with spacer (Sanofi) (AMP),SNOMED,,non_salbutamol_inhaler_medication_SNOMED,,non_salbutamol_inhaler_medication_SNOMED,,,,
9628711000001100,Atimos Modulite 12micrograms/dose inhaler (Chiesi Ltd) (AMP),SNOMED,,non_salbutamol_inhaler_medication_SNOMED,,non_salbutamol_inhaler_medication_SNOMED,,,,
9652711000001100,Formoterol 12micrograms/dose inhaler CFC free (VMP),SNOMED,,non_salbutamol_inhaler_medication_SNOMED,,non_salbutamol_inhaler_medication_SNOMED,,,,
